robot,voxel_width,ns_per_query,marker
panda,0.04,46.82549597201915,none
panda,0.052173913,27.351086551417676,none
panda,0.064347826,21.394175912387833,none
panda,0.07652174,18.0009424901809,none
panda,0.08869565,16.108196439322267,none
panda,0.100869566,14.192741033800637,none
panda,0.11304348,13.449137782747055,none
panda,0.12521738,13.451062182850261,none
panda,0.1373913,12.409617700180615,none
panda,0.14956522,12.704803474671024,none
panda,0.16173913,12.632808692411341,none
panda,0.17391303,12.36234267939566,none
panda,0.18608695,12.612758378486856,none
panda,0.19826087,12.781001834809782,none
panda,0.21043476,13.086382987873055,none
panda,0.22260872,13.309735242682262,none
panda,0.2347826,14.146161233909579,none
panda,0.24695653,14.525586995785671,none
panda,0.25913042,15.134030704394943,none
panda,0.27130434,15.734547461368653,none
panda,0.28347826,16.72265703391531,none
panda,0.29565218,18.24733379203578,none
panda,0.30782607,19.758779851495085,none
panda,0.32,20.866402912760527,none
panda,0.3321739,22.894742123218943,none
panda,0.3443478,23.855530231358046,none
panda,0.35652173,24.37092543218371,none
panda,0.36869565,32.42731358045928,none
panda,0.38086954,33.81281714973768,none
panda,0.3930435,37.034395516183594,none
panda,0.4052174,57.59852426822626,none
panda,0.4173913,49.00319658266678,none
panda,0.42956522,54.93786732031765,none
panda,0.44173914,56.45658811387288,none
panda,0.45391303,58.118366732605146,none
panda,0.46608695,66.13665032539205,none
panda,0.47826084,66.26506192483014,none
panda,0.49043477,69.06215418135947,none
panda,0.5026087,73.47535549439523,none
panda,0.5147826,75.01545970585705,none
panda,0.5269565,77.00599538430664,none
panda,0.53913045,82.53361787219403,none
panda,0.5513044,88.37235171010005,none
panda,0.5634783,89.68407227430406,none
panda,0.5756522,92.34841317622775,none
panda,0.58782613,103.48811673977237,none
panda,0.6,124.75341518305095,none
panda,0.06,23.06356254121155,mobile_max
panda,0.08,18.307122788910867,robot_max
panda,0.22,13.47960565924142,query_max
ur5,0.04,35.27031375128704,none
ur5,0.052173913,20.581040498798764,none
ur5,0.064347826,14.602283777599817,none
ur5,0.07652174,11.897337261182932,none
ur5,0.08869565,10.751555171033063,none
ur5,0.100869566,9.859312435648095,none
ur5,0.11304348,9.250321759524082,none
ur5,0.12521738,9.12446373412653,none
ur5,0.1373913,8.395925094382793,none
ur5,0.14956522,8.441296762384166,none
ur5,0.16173913,8.335330625786524,none
ur5,0.17391303,8.146407733668916,none
ur5,0.18608695,8.022305085230522,none
ur5,0.19826087,8.047413053426382,none
ur5,0.21043476,8.000922377302368,none
ur5,0.22260872,8.056987186820729,none
ur5,0.2347826,8.039465593181559,none
ur5,0.24695653,8.313204295847157,none
ur5,0.25913042,8.46588634023567,none
ur5,0.27130434,8.803408505891774,none
ur5,0.28347826,8.9593224459444,none
ur5,0.29565218,9.303612286923693,none
ur5,0.30782607,10.176921261869351,none
ur5,0.32,10.453452122182817,none
ur5,0.3321739,11.209075763642604,none
ur5,0.3443478,11.055853878274798,none
ur5,0.35652173,11.168215879190024,none
ur5,0.36869565,12.328098186706326,none
ur5,0.38086954,13.177260896922549,none
ur5,0.3930435,13.940989303283377,none
ur5,0.4052174,16.557201693170118,none
ur5,0.4173913,18.073500600617777,none
ur5,0.42956522,19.569342752545474,none
ur5,0.44173914,20.407086574762612,none
ur5,0.45391303,21.798900297448803,none
ur5,0.46608695,24.505040899210616,none
ur5,0.47826084,24.797509581283606,none
ur5,0.49043477,25.64948947488846,none
ur5,0.5026087,26.30646522137055,none
ur5,0.5147826,26.814716565610343,none
ur5,0.5269565,27.54048092323533,none
ur5,0.53913045,28.24625686420318,none
ur5,0.5513044,31.981455926095414,none
ur5,0.5634783,32.59501558746139,none
ur5,0.5756522,34.24656432330397,none
ur5,0.58782613,35.35460402127903,none
ur5,0.6,44.97974345040613,none
ur5,0.08,11.274832685047478,mobile_max
ur5,0.08,11.259213047706211,robot_max
ur5,0.35,11.032851647408764,query_max
fetch,0.04,90.50674642857143,none
fetch,0.052173913,48.985035714285715,none
fetch,0.064347826,34.36642857142857,none
fetch,0.07652174,27.461832142857144,none
fetch,0.08869565,23.313760714285714,none
fetch,0.100869566,20.262867857142858,none
fetch,0.11304348,18.062160714285714,none
fetch,0.12521738,17.255928571428573,none
fetch,0.1373913,15.641707142857143,none
fetch,0.14956522,16.122389285714284,none
fetch,0.16173913,15.667360714285714,none
fetch,0.17391303,15.561621428571428,none
fetch,0.18608695,15.623964285714285,none
fetch,0.19826087,15.39745,none
fetch,0.21043476,15.899171428571428,none
fetch,0.22260872,16.0955,none
fetch,0.2347826,16.582235714285716,none
fetch,0.24695653,17.02142142857143,none
fetch,0.25913042,17.516910714285714,none
fetch,0.27130434,17.91585,none
fetch,0.28347826,18.75670357142857,none
fetch,0.29565218,19.882460714285713,none
fetch,0.30782607,22.080839285714287,none
fetch,0.32,23.030539285714287,none
fetch,0.3321739,24.29189285714286,none
fetch,0.3443478,24.88527857142857,none
fetch,0.35652173,25.154964285714286,none
fetch,0.36869565,27.289714285714286,none
fetch,0.38086954,29.077664285714285,none
fetch,0.3930435,32.24480714285714,none
fetch,0.4052174,34.47869285714286,none
fetch,0.4173913,39.26793571428571,none
fetch,0.42956522,41.04073571428572,none
fetch,0.44173914,46.31569285714286,none
fetch,0.45391303,50.10211785714286,none
fetch,0.46608695,57.46396071428571,none
fetch,0.47826084,62.55618928571428,none
fetch,0.49043477,61.91115357142857,none
fetch,0.5026087,63.44767857142857,none
fetch,0.5147826,65.49557142857142,none
fetch,0.5269565,67.4759,none
fetch,0.53913045,68.60185714285714,none
fetch,0.5513044,82.07558928571429,none
fetch,0.5634783,84.23690357142857,none
fetch,0.5756522,86.30726071428572,none
fetch,0.58782613,93.24622142857143,none
fetch,0.6,107.40971785714285,none
fetch,0.15,16.158975,mobile_max
fetch,0.24,16.967325,robot_max
fetch,0.42,41.45692142857143,query_max
baxter,0.04,12.261683333333334,none
baxter,0.052173913,10.100008333333333,none
baxter,0.064347826,8.878925,none
baxter,0.07652174,7.969708333333333,none
baxter,0.08869565,7.821491666666667,none
baxter,0.100869566,7.199625,none
baxter,0.11304348,9.411316666666666,none
baxter,0.12521738,8.543525,none
baxter,0.1373913,7.9905,none
baxter,0.14956522,8.8352,none
baxter,0.16173913,8.492783333333334,none
baxter,0.17391303,7.686525,none
baxter,0.18608695,8.168983333333333,none
baxter,0.19826087,8.091783333333334,none
baxter,0.21043476,8.9427,none
baxter,0.22260872,9.1552,none
baxter,0.2347826,9.810258333333334,none
baxter,0.24695653,9.68825,none
baxter,0.25913042,10.919175,none
baxter,0.27130434,12.023216666666666,none
baxter,0.28347826,11.718616666666666,none
baxter,0.29565218,11.75365,none
baxter,0.30782607,11.732375,none
baxter,0.32,11.638491666666667,none
baxter,0.3321739,14.506783333333333,none
baxter,0.3443478,16.057158333333334,none
baxter,0.35652173,19.823958333333334,none
baxter,0.36869565,20.000675,none
baxter,0.38086954,19.9997,none
baxter,0.3930435,20.010741666666668,none
baxter,0.4052174,19.8858,none
baxter,0.4173913,24.522075,none
baxter,0.42956522,28.237716666666667,none
baxter,0.44173914,36.23555833333333,none
baxter,0.45391303,36.56345833333334,none
baxter,0.46608695,36.188525,none
baxter,0.47826084,36.35111666666667,none
baxter,0.49043477,37.34813333333334,none
baxter,0.5026087,57.094633333333334,none
baxter,0.5147826,52.02305833333333,none
baxter,0.5269565,65.65075833333333,none
baxter,0.53913045,69.5338,none
baxter,0.5513044,89.90720833333333,none
baxter,0.5634783,88.60355,none
baxter,0.5756522,97.20353333333334,none
baxter,0.58782613,87.90996666666666,none
baxter,0.6,89.9057,none
baxter,0.1,7.024675,mobile_max
baxter,0.5,36.7039,robot_max
baxter,0.6,88.92736666666667,query_max
